{"cameraMode":{"drawMode":0,"name":"Shaded","section":"Shading Mode"},"sceneLighting":true,"audioPlay":false,"sceneViewState":{"m_AlwaysRefresh":false,"showFog":true,"showSkybox":true,"showFlares":true,"showImageEffects":true,"showParticleSystems":true,"showVisualEffectGraphs":true,"m_FxEnabled":true},"in2DMode":false,"pivot":{"x":2.2256827354431154,"y":-5.8496198654174809,"z":20.69742202758789},"rotation":{"x":-0.2023988664150238,"y":0.08555522561073303,"z":-0.017753062769770623,"w":-0.9753983616828919},"size":18.139020919799806,"orthographic":false}